"ip","ok","seconds","message"
"172.16.43.1","False","28","Required ports not reachable (445=False, 135=False)."
"172.16.43.10","True","13","WhatIf mode: validated target and skipped remote execution."
"172.16.43.100","False","84","Required ports not reachable (445=False, 135=False)."
"172.16.43.101","False","84","Required ports not reachable (445=False, 135=False)."
"172.16.43.102","False","85","Required ports not reachable (445=False, 135=False)."
"172.16.43.103","False","84","Required ports not reachable (445=False, 135=False)."
"172.16.43.104","False","85","Required ports not reachable (445=False, 135=False)."
"172.16.43.105","False","84","Required ports not reachable (445=False, 135=False)."
"172.16.43.106","False","84","Required ports not reachable (445=False, 135=False)."
"172.16.43.107","False","84","Required ports not reachable (445=False, 135=False)."
"172.16.43.108","False","85","Required ports not reachable (445=False, 135=False)."
"172.16.43.109","False","84","Required ports not reachable (445=False, 135=False)."
"172.16.43.11","True","14","WhatIf mode: validated target and skipped remote execution."
"172.16.43.110","False","86","Required ports not reachable (445=False, 135=False)."
"172.16.43.111","False","84","Required ports not reachable (445=False, 135=False)."
"172.16.43.112","False","84","Required ports not reachable (445=False, 135=False)."
"172.16.43.113","False","84","Required ports not reachable (445=False, 135=False)."
"172.16.43.114","False","86","Required ports not reachable (445=False, 135=False)."
"172.16.43.115","False","84","Required ports not reachable (445=False, 135=False)."
"172.16.43.116","False","84","Required ports not reachable (445=False, 135=False)."
"172.16.43.117","False","84","Required ports not reachable (445=False, 135=False)."
"172.16.43.118","False","84","Required ports not reachable (445=False, 135=False)."
"172.16.43.119","False","84","Required ports not reachable (445=False, 135=False)."
"172.16.43.12","True","11","WhatIf mode: validated target and skipped remote execution."
"172.16.43.120","False","84","Required ports not reachable (445=False, 135=False)."
"172.16.43.121","False","84","Required ports not reachable (445=False, 135=False)."
"172.16.43.122","False","84","Required ports not reachable (445=False, 135=False)."
"172.16.43.123","False","84","Required ports not reachable (445=False, 135=False)."
"172.16.43.124","False","84","Required ports not reachable (445=False, 135=False)."
"172.16.43.125","False","84","Required ports not reachable (445=False, 135=False)."
"172.16.43.126","False","84","Required ports not reachable (445=False, 135=False)."
"172.16.43.127","False","84","Required ports not reachable (445=False, 135=False)."
"172.16.43.128","False","84","Required ports not reachable (445=False, 135=False)."
"172.16.43.129","False","84","Required ports not reachable (445=False, 135=False)."
"172.16.43.13","True","17","WhatIf mode: validated target and skipped remote execution."
"172.16.43.130","False","84","Required ports not reachable (445=False, 135=False)."
"172.16.43.131","False","84","Required ports not reachable (445=False, 135=False)."
"172.16.43.132","False","84","Required ports not reachable (445=False, 135=False)."
"172.16.43.133","False","84","Required ports not reachable (445=False, 135=False)."
"172.16.43.134","False","84","Required ports not reachable (445=False, 135=False)."
"172.16.43.135","False","84","Required ports not reachable (445=False, 135=False)."
"172.16.43.136","False","84","Required ports not reachable (445=False, 135=False)."
"172.16.43.137","False","84","Required ports not reachable (445=False, 135=False)."
"172.16.43.138","False","84","Required ports not reachable (445=False, 135=False)."
"172.16.43.139","False","84","Required ports not reachable (445=False, 135=False)."
"172.16.43.14","False","65","Required ports not reachable (445=False, 135=False)."
"172.16.43.140","False","84","Required ports not reachable (445=False, 135=False)."
"172.16.43.141","False","85","Required ports not reachable (445=False, 135=False)."
"172.16.43.142","False","85","Required ports not reachable (445=False, 135=False)."
"172.16.43.143","False","84","Required ports not reachable (445=False, 135=False)."
"172.16.43.144","False","84","Required ports not reachable (445=False, 135=False)."
"172.16.43.145","False","84","Required ports not reachable (445=False, 135=False)."
"172.16.43.146","False","84","Required ports not reachable (445=False, 135=False)."
"172.16.43.147","False","84","Required ports not reachable (445=False, 135=False)."
"172.16.43.148","False","84","Required ports not reachable (445=False, 135=False)."
"172.16.43.149","False","85","Required ports not reachable (445=False, 135=False)."
"172.16.43.15","True","12","WhatIf mode: validated target and skipped remote execution."
"172.16.43.150","False","86","Required ports not reachable (445=False, 135=False)."
"172.16.43.151","False","84","Required ports not reachable (445=False, 135=False)."
"172.16.43.152","False","102","Required ports not reachable (445=False, 135=False)."
"172.16.43.153","False","85","Required ports not reachable (445=False, 135=False)."
"172.16.43.154","False","84","Required ports not reachable (445=False, 135=False)."
"172.16.43.155","False","84","Required ports not reachable (445=False, 135=False)."
"172.16.43.156","False","84","Required ports not reachable (445=False, 135=False)."
"172.16.43.157","False","84","Required ports not reachable (445=False, 135=False)."
"172.16.43.158","False","70","Required ports not reachable (445=False, 135=False)."
"172.16.43.159","False","93","Required ports not reachable (445=False, 135=False)."
"172.16.43.16","True","11","WhatIf mode: validated target and skipped remote execution."
"172.16.43.160","False","84","Required ports not reachable (445=False, 135=False)."
"172.16.43.161","False","84","Required ports not reachable (445=False, 135=False)."
"172.16.43.162","False","86","Required ports not reachable (445=False, 135=False)."
"172.16.43.163","False","84","Required ports not reachable (445=False, 135=False)."
"172.16.43.164","False","84","Required ports not reachable (445=False, 135=False)."
"172.16.43.165","False","84","Required ports not reachable (445=False, 135=False)."
"172.16.43.166","False","84","Required ports not reachable (445=False, 135=False)."
"172.16.43.167","False","84","Required ports not reachable (445=False, 135=False)."
"172.16.43.168","False","84","Required ports not reachable (445=False, 135=False)."
"172.16.43.169","False","84","Required ports not reachable (445=False, 135=False)."
"172.16.43.17","True","12","WhatIf mode: validated target and skipped remote execution."
"172.16.43.170","False","84","Required ports not reachable (445=False, 135=False)."
"172.16.43.171","False","85","Required ports not reachable (445=False, 135=False)."
"172.16.43.172","False","84","Required ports not reachable (445=False, 135=False)."
"172.16.43.173","False","84","Required ports not reachable (445=False, 135=False)."
"172.16.43.174","False","84","Required ports not reachable (445=False, 135=False)."
"172.16.43.175","False","84","Required ports not reachable (445=False, 135=False)."
"172.16.43.176","False","84","Required ports not reachable (445=False, 135=False)."
"172.16.43.177","False","84","Required ports not reachable (445=False, 135=False)."
"172.16.43.178","False","84","Required ports not reachable (445=False, 135=False)."
"172.16.43.179","False","84","Required ports not reachable (445=False, 135=False)."
"172.16.43.18","True","9","WhatIf mode: validated target and skipped remote execution."
"172.16.43.180","False","84","Required ports not reachable (445=False, 135=False)."
"172.16.43.181","False","84","Required ports not reachable (445=False, 135=False)."
"172.16.43.182","False","84","Required ports not reachable (445=False, 135=False)."
"172.16.43.183","False","84","Required ports not reachable (445=False, 135=False)."
"172.16.43.184","False","84","Required ports not reachable (445=False, 135=False)."
"172.16.43.185","False","84","Required ports not reachable (445=False, 135=False)."
"172.16.43.186","False","84","Required ports not reachable (445=False, 135=False)."
"172.16.43.187","False","84","Required ports not reachable (445=False, 135=False)."
"172.16.43.188","False","84","Required ports not reachable (445=False, 135=False)."
"172.16.43.189","False","84","Required ports not reachable (445=False, 135=False)."
"172.16.43.19","False","84","Required ports not reachable (445=False, 135=False)."
"172.16.43.190","False","84","Required ports not reachable (445=False, 135=False)."
"172.16.43.191","False","84","Required ports not reachable (445=False, 135=False)."
"172.16.43.192","False","70","Required ports not reachable (445=False, 135=False)."
"172.16.43.193","False","84","Required ports not reachable (445=False, 135=False)."
"172.16.43.194","False","84","Required ports not reachable (445=False, 135=False)."
"172.16.43.195","True","12","WhatIf mode: validated target and skipped remote execution."
"172.16.43.196","False","84","Required ports not reachable (445=False, 135=False)."
"172.16.43.197","False","84","Required ports not reachable (445=False, 135=False)."
"172.16.43.198","False","84","Required ports not reachable (445=False, 135=False)."
"172.16.43.199","False","84","Required ports not reachable (445=False, 135=False)."
"172.16.43.2","False","84","Required ports not reachable (445=False, 135=False)."
"172.16.43.20","False","84","Required ports not reachable (445=False, 135=False)."
"172.16.43.200","False","84","Required ports not reachable (445=False, 135=False)."
"172.16.43.201","False","84","Required ports not reachable (445=False, 135=False)."
"172.16.43.202","False","86","Required ports not reachable (445=False, 135=False)."
"172.16.43.203","False","84","Required ports not reachable (445=False, 135=False)."
"172.16.43.204","False","86","Required ports not reachable (445=False, 135=False)."
"172.16.43.205","False","84","Required ports not reachable (445=False, 135=False)."
"172.16.43.206","False","84","Required ports not reachable (445=False, 135=False)."
"172.16.43.207","True","12","WhatIf mode: validated target and skipped remote execution."
"172.16.43.208","False","84","Required ports not reachable (445=False, 135=False)."
"172.16.43.209","False","70","Required ports not reachable (445=False, 135=False)."
"172.16.43.21","False","86","Required ports not reachable (445=False, 135=False)."
"172.16.43.210","False","84","Required ports not reachable (445=False, 135=False)."
"172.16.43.211","False","84","Required ports not reachable (445=False, 135=False)."
"172.16.43.212","False","84","Required ports not reachable (445=False, 135=False)."
"172.16.43.213","False","84","Required ports not reachable (445=False, 135=False)."
"172.16.43.214","False","84","Required ports not reachable (445=False, 135=False)."
"172.16.43.215","True","18","WhatIf mode: validated target and skipped remote execution."
"172.16.43.216","False","84","Required ports not reachable (445=False, 135=False)."
"172.16.43.217","False","84","Required ports not reachable (445=False, 135=False)."
"172.16.43.218","False","84","Required ports not reachable (445=False, 135=False)."
"172.16.43.219","False","84","Required ports not reachable (445=False, 135=False)."
"172.16.43.22","False","84","Required ports not reachable (445=False, 135=False)."
"172.16.43.220","False","84","Required ports not reachable (445=False, 135=False)."
"172.16.43.221","False","84","Required ports not reachable (445=False, 135=False)."
"172.16.43.222","False","84","Required ports not reachable (445=False, 135=False)."
"172.16.43.223","False","84","Required ports not reachable (445=False, 135=False)."
"172.16.43.224","False","84","Required ports not reachable (445=False, 135=False)."
"172.16.43.225","True","9","WhatIf mode: validated target and skipped remote execution."
"172.16.43.226","False","84","Required ports not reachable (445=False, 135=False)."
"172.16.43.227","False","84","Required ports not reachable (445=False, 135=False)."
"172.16.43.228","False","84","Required ports not reachable (445=False, 135=False)."
"172.16.43.229","False","84","Required ports not reachable (445=False, 135=False)."
"172.16.43.23","True","12","WhatIf mode: validated target and skipped remote execution."
"172.16.43.230","False","84","Required ports not reachable (445=False, 135=False)."
"172.16.43.231","False","84","Required ports not reachable (445=False, 135=False)."
"172.16.43.232","False","84","Required ports not reachable (445=False, 135=False)."
"172.16.43.233","False","84","Required ports not reachable (445=False, 135=False)."
"172.16.43.234","False","84","Required ports not reachable (445=False, 135=False)."
"172.16.43.235","False","84","Required ports not reachable (445=False, 135=False)."
"172.16.43.236","False","84","Required ports not reachable (445=False, 135=False)."
"172.16.43.237","False","84","Required ports not reachable (445=False, 135=False)."
"172.16.43.238","False","84","Required ports not reachable (445=False, 135=False)."
"172.16.43.239","False","84","Required ports not reachable (445=False, 135=False)."
"172.16.43.24","False","84","Required ports not reachable (445=False, 135=False)."
"172.16.43.240","False","84","Required ports not reachable (445=False, 135=False)."
"172.16.43.241","False","23","Required ports not reachable (445=False, 135=False)."
"172.16.43.242","False","84","Required ports not reachable (445=False, 135=False)."
"172.16.43.243","False","84","Required ports not reachable (445=False, 135=False)."
"172.16.43.244","False","84","Required ports not reachable (445=False, 135=False)."
"172.16.43.245","False","84","Required ports not reachable (445=False, 135=False)."
"172.16.43.246","False","84","Required ports not reachable (445=False, 135=False)."
"172.16.43.247","False","84","Required ports not reachable (445=False, 135=False)."
"172.16.43.248","True","14","WhatIf mode: validated target and skipped remote execution."
"172.16.43.249","False","84","Required ports not reachable (445=False, 135=False)."
"172.16.43.25","True","18","WhatIf mode: validated target and skipped remote execution."
"172.16.43.250","False","70","Required ports not reachable (445=False, 135=False)."
"172.16.43.251","False","84","Required ports not reachable (445=False, 135=False)."
"172.16.43.252","False","84","Required ports not reachable (445=False, 135=False)."
"172.16.43.253","False","70","Required ports not reachable (445=False, 135=False)."
"172.16.43.254","False","84","Required ports not reachable (445=False, 135=False)."
"172.16.43.26","False","84","Required ports not reachable (445=False, 135=False)."
"172.16.43.27","False","70","Required ports not reachable (445=False, 135=False)."
"172.16.43.28","False","84","Required ports not reachable (445=False, 135=False)."
"172.16.43.29","False","41","Required ports not reachable (445=False, 135=False)."
"172.16.43.3","False","84","Required ports not reachable (445=False, 135=False)."
"172.16.43.30","False","22","Required ports not reachable (445=False, 135=False)."
"172.16.43.31","False","22","Required ports not reachable (445=False, 135=False)."
"172.16.43.32","False","84","Required ports not reachable (445=False, 135=False)."
"172.16.43.33","False","84","Required ports not reachable (445=False, 135=False)."
"172.16.43.34","False","84","Required ports not reachable (445=False, 135=False)."
"172.16.43.35","False","84","Required ports not reachable (445=False, 135=False)."
"172.16.43.36","False","70","Required ports not reachable (445=False, 135=False)."
"172.16.43.37","False","84","Required ports not reachable (445=False, 135=False)."
"172.16.43.38","False","84","Required ports not reachable (445=False, 135=False)."
"172.16.43.39","False","84","Required ports not reachable (445=False, 135=False)."
"172.16.43.4","False","84","Required ports not reachable (445=False, 135=False)."
"172.16.43.40","False","23","Required ports not reachable (445=False, 135=False)."
"172.16.43.41","False","84","Required ports not reachable (445=False, 135=False)."
"172.16.43.42","False","84","Required ports not reachable (445=False, 135=False)."
"172.16.43.43","False","84","Required ports not reachable (445=False, 135=False)."
"172.16.43.44","False","66","Required ports not reachable (445=False, 135=False)."
"172.16.43.45","False","84","Required ports not reachable (445=False, 135=False)."
"172.16.43.46","False","84","Required ports not reachable (445=False, 135=False)."
"172.16.43.47","False","84","Required ports not reachable (445=False, 135=False)."
"172.16.43.48","False","84","Required ports not reachable (445=False, 135=False)."
"172.16.43.49","False","84","Required ports not reachable (445=False, 135=False)."
"172.16.43.5","False","84","Required ports not reachable (445=False, 135=False)."
"172.16.43.50","False","84","Required ports not reachable (445=False, 135=False)."
"172.16.43.51","False","84","Required ports not reachable (445=False, 135=False)."
"172.16.43.52","False","70","Required ports not reachable (445=False, 135=False)."
"172.16.43.53","False","84","Required ports not reachable (445=False, 135=False)."
"172.16.43.54","False","84","Required ports not reachable (445=False, 135=False)."
"172.16.43.55","False","84","Required ports not reachable (445=False, 135=False)."
"172.16.43.56","False","84","Required ports not reachable (445=False, 135=False)."
"172.16.43.57","False","84","Required ports not reachable (445=False, 135=False)."
"172.16.43.58","False","84","Required ports not reachable (445=False, 135=False)."
"172.16.43.59","False","84","Required ports not reachable (445=False, 135=False)."
"172.16.43.6","False","70","Required ports not reachable (445=False, 135=False)."
"172.16.43.60","False","84","Required ports not reachable (445=False, 135=False)."
"172.16.43.61","False","84","Required ports not reachable (445=False, 135=False)."
"172.16.43.62","False","84","Required ports not reachable (445=False, 135=False)."
"172.16.43.63","False","85","Required ports not reachable (445=False, 135=False)."
"172.16.43.64","False","84","Required ports not reachable (445=False, 135=False)."
"172.16.43.65","False","84","Required ports not reachable (445=False, 135=False)."
"172.16.43.66","False","84","Required ports not reachable (445=False, 135=False)."
"172.16.43.67","False","84","Required ports not reachable (445=False, 135=False)."
"172.16.43.68","False","84","Required ports not reachable (445=False, 135=False)."
"172.16.43.69","False","84","Required ports not reachable (445=False, 135=False)."
"172.16.43.7","False","84","Required ports not reachable (445=False, 135=False)."
"172.16.43.70","False","84","Required ports not reachable (445=False, 135=False)."
"172.16.43.71","False","84","Required ports not reachable (445=False, 135=False)."
"172.16.43.72","False","84","Required ports not reachable (445=False, 135=False)."
"172.16.43.73","False","84","Required ports not reachable (445=False, 135=False)."
"172.16.43.74","False","84","Required ports not reachable (445=False, 135=False)."
"172.16.43.75","False","84","Required ports not reachable (445=False, 135=False)."
"172.16.43.76","False","84","Required ports not reachable (445=False, 135=False)."
"172.16.43.77","False","84","Required ports not reachable (445=False, 135=False)."
"172.16.43.78","False","84","Required ports not reachable (445=False, 135=False)."
"172.16.43.79","False","84","Required ports not reachable (445=False, 135=False)."
"172.16.43.8","False","17","Required ports not reachable (445=False, 135=False)."
"172.16.43.80","False","84","Required ports not reachable (445=False, 135=False)."
"172.16.43.81","False","84","Required ports not reachable (445=False, 135=False)."
"172.16.43.82","False","16","Required ports not reachable (445=True, 135=False)."
"172.16.43.83","False","23","Required ports not reachable (445=False, 135=False)."
"172.16.43.84","False","84","Required ports not reachable (445=False, 135=False)."
"172.16.43.85","False","84","Required ports not reachable (445=False, 135=False)."
"172.16.43.86","False","23","Required ports not reachable (445=False, 135=False)."
"172.16.43.87","False","85","Required ports not reachable (445=False, 135=False)."
"172.16.43.88","False","84","Required ports not reachable (445=False, 135=False)."
"172.16.43.89","False","84","Required ports not reachable (445=False, 135=False)."
"172.16.43.9","False","84","Required ports not reachable (445=False, 135=False)."
"172.16.43.90","False","84","Required ports not reachable (445=False, 135=False)."
"172.16.43.91","False","84","Required ports not reachable (445=False, 135=False)."
"172.16.43.92","False","84","Required ports not reachable (445=False, 135=False)."
"172.16.43.93","False","84","Required ports not reachable (445=False, 135=False)."
"172.16.43.94","False","84","Required ports not reachable (445=False, 135=False)."
"172.16.43.95","False","84","Required ports not reachable (445=False, 135=False)."
"172.16.43.96","False","84","Required ports not reachable (445=False, 135=False)."
"172.16.43.97","False","84","Required ports not reachable (445=False, 135=False)."
"172.16.43.98","False","84","Required ports not reachable (445=False, 135=False)."
"172.16.43.99","False","84","Required ports not reachable (445=False, 135=False)."
